motif_id	motif_alt_id	sequence_name	start	stop	strand	score	p-value	q-value	matched_sequence
CAWWTGSSCKC	MEME-2	PBANKA_0720900.1	526	536	+	21.0568	3.26e-08	0.00356	CATTTGCCCGC
CAWWTGSSCKC	MEME-2	PBANKA_0520200.1	532	542	-	20.9205	3.45e-08	0.00356	GATGTGCGCGC
CAWWTGSSCKC	MEME-2	PBANKA_0605300.1	524	534	-	18.8523	2.54e-07	0.0175	CATATGGGCGT
CAWWTGSSCKC	MEME-2	PBANKA_0101900.1	524	534	-	18.0227	5.11e-07	0.0204	CATTTGCCCTC
CAWWTGSSCKC	MEME-2	PBANKA_0622500.1	502	512	-	17.9205	5.49e-07	0.0204	CAAATCGCCGC
CAWWTGSSCKC	MEME-2	PBANKA_0306700.1	485	495	-	17.75	6.39e-07	0.0204	CGAATGGGCGT
CAWWTGSSCKC	MEME-2	PBANKA_0509000.1	299	309	+	17.4545	7.64e-07	0.0204	CGTATGCGCAC
CAWWTGSSCKC	MEME-2	PBANKA_0508100.1	511	521	+	17.3523	8.34e-07	0.0204	CGTACGTGCGC
CAWWTGSSCKC	MEME-2	PBANKA_0212100.1	467	477	+	17.2273	8.88e-07	0.0204	TAAGTGCCCGC
CAWWTGSSCKC	MEME-2	PBANKA_0602400.1	884	894	-	16.5795	1.46e-06	0.0302	TGAATGCCCGC
CAWWTGSSCKC	MEME-2	PBANKA_0406900.1	274	284	+	15.6477	2.77e-06	0.0489	CGTGTGTGCGT
CAWWTGSSCKC	MEME-2	PBANKA_0611400.1	517	527	+	15.5795	2.94e-06	0.0489	CATAAGCTCGC
CAWWTGSSCKC	MEME-2	PBANKA_0509300.1	779	789	-	15.4773	3.08e-06	0.0489	TATATGCGCGT
CAWWTGSSCKC	MEME-2	PBANKA_0516200.1	537	547	+	15.0227	4.02e-06	0.0593	GAAATGCGCAC
CAWWTGSSCKC	MEME-2	PBANKA_0405300.1	436	446	+	14.8977	4.44e-06	0.0611	CATGTGCGCAT
CAWWTGSSCKC	MEME-2	PBANKA_0406900.1	654	664	+	14.3295	6.32e-06	0.0816	CAATTGGGCTT
CAWWTGSSCKC	MEME-2	PBANKA_0602400.1	220	230	+	14.1818	6.74e-06	0.0819	TAAATGTGCGC
CAWWTGSSCKC	MEME-2	PBANKA_0602400.1	225	235	-	13.6932	9.2e-06	0.0972	TATATGCGCAC
CAWWTGSSCKC	MEME-2	PBANKA_0516200.1	383	393	+	13.6932	9.2e-06	0.0972	TATATGCGCAC
CAWWTGSSCKC	MEME-2	PBANKA_0106000.1	382	392	+	13.6705	9.41e-06	0.0972	GATATGTGCGT
CAWWTGSSCKC	MEME-2	PBANKA_0812800.1	484	494	+	13.4886	1.03e-05	0.101	CAAATCCGCTT
CAWWTGSSCKC	MEME-2	PBANKA_0403400.1	59	69	+	13.3523	1.12e-05	0.105	GGTTAGTGCGC
CAWWTGSSCKC	MEME-2	PBANKA_0702500.1	686	696	-	13.1818	1.22e-05	0.109	CAATTGCGCAT
CAWWTGSSCKC	MEME-2	PBANKA_0520200.1	527	537	+	13.0114	1.32e-05	0.113	AATATGCGCGC
CAWWTGSSCKC	MEME-2	PBANKA_0107900.1	466	476	+	12.9091	1.38e-05	0.114	CATTAGTGCTC
CAWWTGSSCKC	MEME-2	PBANKA_0505700.1	139	149	+	12.7614	1.51e-05	0.12	CGAATGGGCAT
CAWWTGSSCKC	MEME-2	PBANKA_0520200.1	529	539	+	12.6477	1.6e-05	0.123	TATGCGCGCAC
CAWWTGSSCKC	MEME-2	PBANKA_0602400.1	879	889	+	12.4886	1.74e-05	0.127	CATATGCGGGC
CAWWTGSSCKC	MEME-2	PBANKA_0523900.1	933	943	-	12.4432	1.78e-05	0.127	TATATGCGCTT
CAWWTGSSCKC	MEME-2	PBANKA_0702900.1	954	964	-	12.3636	1.87e-05	0.129	CATTTCCCCTT
CAWWTGSSCKC	MEME-2	PBANKA_0406200.1	900	910	+	12.1818	2.02e-05	0.133	CATATGCCCCC
CAWWTGSSCKC	MEME-2	PBANKA_0523400.1	870	880	-	12.125	2.07e-05	0.133	CAAATGTGCTT
CAWWTGSSCKC	MEME-2	PBANKA_0205200.1	277	287	+	11.9545	2.23e-05	0.136	CGTAAGCGCAT
CAWWTGSSCKC	MEME-2	PBANKA_0403400.1	66	76	-	11.9205	2.26e-05	0.136	CATATTGGCGC
CAWWTGSSCKC	MEME-2	PBANKA_0310300.1	552	562	-	11.8864	2.31e-05	0.136	TATGTGTGCGT
CAWWTGSSCKC	MEME-2	PBANKA_0715700.1	309	319	-	11.6818	2.6e-05	0.146	CAATTCCCCTT
CAWWTGSSCKC	MEME-2	PBANKA_0702500.1	74	84	+	11.6364	2.69e-05	0.146	TGTGTGTGCTC
CAWWTGSSCKC	MEME-2	PBANKA_0720900.1	740	750	-	11.6136	2.71e-05	0.146	TATTCGCGCAC
CAWWTGSSCKC	MEME-2	PBANKA_0622500.1	26	36	+	11.5795	2.75e-05	0.146	CATTTCTCCGT
CAWWTGSSCKC	MEME-2	PBANKA_0306700.1	482	492	+	11.2955	3.11e-05	0.16	CGAACGCCCAT
CAWWTGSSCKC	MEME-2	PBANKA_0707400.1	910	920	-	11.1364	3.31e-05	0.167	CGTTTCGCCTT
CAWWTGSSCKC	MEME-2	PBANKA_0609200.1	490	500	-	10.8295	3.93e-05	0.182	TATTTGGGCTT
CAWWTGSSCKC	MEME-2	PBANKA_0505700.1	371	381	-	10.7273	4.09e-05	0.182	CAATTCCGCAT
CAWWTGSSCKC	MEME-2	PBANKA_0523400.1	176	186	-	10.7159	4.11e-05	0.182	TATGTGCGCAT
CAWWTGSSCKC	MEME-2	PBANKA_0313000.1	695	705	-	10.6591	4.22e-05	0.182	TATATGCTCTC
CAWWTGSSCKC	MEME-2	PBANKA_0103900.1	945	955	-	10.6136	4.3e-05	0.182	TATGCGTGCGT
CAWWTGSSCKC	MEME-2	PBANKA_0711800.1	416	426	+	10.5341	4.47e-05	0.182	CAAATCCCCAT
CAWWTGSSCKC	MEME-2	PBANKA_0610900.1	459	469	+	10.4886	4.55e-05	0.182	TATATGCGCAT
CAWWTGSSCKC	MEME-2	PBANKA_0610900.1	462	472	-	10.4886	4.55e-05	0.182	TATATGCGCAT
CAWWTGSSCKC	MEME-2	PBANKA_0205200.1	970	980	+	10.4886	4.55e-05	0.182	TATATGCGCAT
CAWWTGSSCKC	MEME-2	PBANKA_0101700.1	957	967	+	10.4432	4.59e-05	0.182	TGTGTGGCCTT
CAWWTGSSCKC	MEME-2	PBANKA_0508100.1	327	337	-	10.4318	4.63e-05	0.182	TATATCGTCGC
CAWWTGSSCKC	MEME-2	PBANKA_0615700.1	512	522	-	10.4091	4.68e-05	0.182	CGTTTGCTCTT
CAWWTGSSCKC	MEME-2	PBANKA_0409400.1	701	711	+	10.0455	5.46e-05	0.208	CATTTGTGCAT
CAWWTGSSCKC	MEME-2	PBANKA_0509000.1	891	901	-	9.97727	5.61e-05	0.208	TAAATGTCCGT
CAWWTGSSCKC	MEME-2	PBANKA_0611100.1	654	664	-	9.90909	5.81e-05	0.208	CAAAAGCTCAC
CAWWTGSSCKC	MEME-2	PBANKA_0809400.1	953	963	+	9.875	5.9e-05	0.208	TATATGTGCAC
CAWWTGSSCKC	MEME-2	PBANKA_0106000.1	167	177	+	9.80682	6.08e-05	0.208	TAAATGCGCAT
CAWWTGSSCKC	MEME-2	PBANKA_0702500.1	423	433	+	9.78409	6.13e-05	0.208	GGATTGGGCAT
CAWWTGSSCKC	MEME-2	PBANKA_0602500.1	106	116	+	9.70455	6.32e-05	0.208	CATTAGTGCTT
CAWWTGSSCKC	MEME-2	PBANKA_0211000.1	114	124	+	9.68182	6.44e-05	0.208	TATATGGGCAT
CAWWTGSSCKC	MEME-2	PBANKA_0210400.1	211	221	-	9.68182	6.44e-05	0.208	TATTTGCGCAT
CAWWTGSSCKC	MEME-2	PBANKA_0809300.1	395	405	-	9.68182	6.44e-05	0.208	CATATGCTCAT
CAWWTGSSCKC	MEME-2	PBANKA_0511500.1	622	632	-	9.68182	6.44e-05	0.208	TATTTGCGCAT
CAWWTGSSCKC	MEME-2	PBANKA_0516200.1	540	550	-	9.61364	6.57e-05	0.209	TGAGTGCGCAT
CAWWTGSSCKC	MEME-2	PBANKA_0812800.1	576	586	+	9.53409	6.79e-05	0.213	CAATTGTTCTC
CAWWTGSSCKC	MEME-2	PBANKA_0812000.1	468	478	-	9.47727	6.91e-05	0.213	CTTTCGCGCGT
CAWWTGSSCKC	MEME-2	PBANKA_0515400.1	674	684	-	9.38636	7.18e-05	0.218	TATACGCTCTC
CAWWTGSSCKC	MEME-2	PBANKA_0720900.1	521	531	-	9.29545	7.49e-05	0.22	CAAATGCACGT
CAWWTGSSCKC	MEME-2	PBANKA_0303200.1	30	40	+	9.19318	7.76e-05	0.22	TATATGAGCGC
CAWWTGSSCKC	MEME-2	PBANKA_0523400.1	178	188	-	9.19318	7.76e-05	0.22	AATATGTGCGC
CAWWTGSSCKC	MEME-2	PBANKA_0711800.1	916	926	+	9.18182	7.82e-05	0.22	TATTTCCGCTT
CAWWTGSSCKC	MEME-2	PBANKA_0707400.1	792	802	+	9.17045	7.92e-05	0.22	CATTTGCACGT
CAWWTGSSCKC	MEME-2	PBANKA_0211000.1	764	774	-	9.14773	7.99e-05	0.22	TATAAGCCCTT
CAWWTGSSCKC	MEME-2	PBANKA_0707400.1	987	997	-	9.06818	8.22e-05	0.22	TATTTGTGCAC
CAWWTGSSCKC	MEME-2	PBANKA_0717700.1	682	692	-	9.04545	8.29e-05	0.22	GATATCCCCAT
CAWWTGSSCKC	MEME-2	PBANKA_0520200.1	530	540	-	9.02273	8.33e-05	0.22	TGTGCGCGCAT
CAWWTGSSCKC	MEME-2	PBANKA_0717200.1	68	78	+	8.98864	8.47e-05	0.22	TATATCCCCTT
CAWWTGSSCKC	MEME-2	PBANKA_0718800.1	74	84	-	8.98864	8.47e-05	0.22	TATATCCCCTT
CAWWTGSSCKC	MEME-2	PBANKA_0806000.1	569	579	-	8.92045	8.67e-05	0.22	TATAACGCCGT
CAWWTGSSCKC	MEME-2	PBANKA_0611100.1	154	164	-	8.90909	8.72e-05	0.22	CATATATGCGC
CAWWTGSSCKC	MEME-2	PBANKA_0702000.1	838	848	-	8.89773	8.75e-05	0.22	CATGTGTGTGC
CAWWTGSSCKC	MEME-2	PBANKA_0810000.1	763	773	-	8.70455	9.46e-05	0.224	TATATGCTCAC
CAWWTGSSCKC	MEME-2	PBANKA_0702000.1	784	794	+	8.70455	9.46e-05	0.224	TATATGCTCAC
CAWWTGSSCKC	MEME-2	PBANKA_0523900.1	414	424	+	8.69318	9.5e-05	0.224	CATATTCCCTC
CAWWTGSSCKC	MEME-2	PBANKA_0311900.1	160	170	-	8.68182	9.61e-05	0.224	TATATGGCCAT
CAWWTGSSCKC	MEME-2	PBANKA_0211100.1	538	548	-	8.68182	9.61e-05	0.224	GATATGTGCAT
CAWWTGSSCKC	MEME-2	PBANKA_0809400.1	958	968	-	8.64773	9.78e-05	0.224	TGTTTGTGCAC
CAWWTGSSCKC	MEME-2	PBANKA_0602400.1	881	891	+	8.63636	9.79e-05	0.224	TATGCGGGCAT
CAWWTGSSCKC	MEME-2	PBANKA_0402800.1	367	377	-	8.625	9.9e-05	0.224	TATATGTGCTT
CAWWTGSSCKC	MEME-2	PBANKA_0409600.1	404	414	-	8.61364	9.92e-05	0.224	CAACAGTGCGC
CAWWTGSSCKC	MEME-2	PBANKA_0205200.1	217	227	-	8.60227	9.97e-05	0.224	TATACGTTCGC

# FIMO (Find Individual Motif Occurrences): Version 5.5.7 compiled on Jan 23 2025 at 10:16:15
# The format of this file is described at https://meme-suite.org/meme/doc/fimo-output-format.html#tsv_results.
# fimo --verbosity 1 --oc meme_chip_out/Cluster1.Sub3/fimo_out_2 --bgfile meme_chip_out/Cluster1.Sub3/background --motif CAWWTGSSCKC meme_chip_out/Cluster1.Sub3/meme_out/meme.xml meme_chip_out/Cluster1.Sub3/Cluster1.Sub3.fasta
